{"loss": [9.363834381103516, 6.174530982971191, 4.972208499908447, 4.359986305236816, 4.2162652015686035], "val_loss": [8.009700775146484, 5.503535747528076, 4.5745391845703125, 4.132457733154297, 4.149615287780762]}