{"loss": [9.53564167022705, 8.363057136535645, 6.30219030380249, 5.2299485206604, 4.7683491706848145], "val_loss": [9.377986907958984, 7.171791076660156, 5.637121200561523, 4.9912238121032715, 4.533603668212891]}