{"loss": [8.600197792053223, 5.114015102386475, 4.3001861572265625, 4.072136878967285, 3.9008712768554688], "val_loss": [6.175537109375, 4.572279453277588, 4.011625289916992, 3.9001128673553467, 3.7783467769622803]}