{"loss": [8.559326171875, 5.071203708648682, 4.2253546714782715, 3.929776906967163, 3.775824785232544], "val_loss": [6.1939167976379395, 4.470014572143555, 3.930401563644409, 3.779057502746582, 3.6413958072662354]}