{"loss": [9.136418342590332, 6.153645992279053, 4.618555545806885, 4.2442193031311035, 4.0059590339660645], "val_loss": [8.663595199584961, 5.315201282501221, 4.465407371520996, 4.032546520233154, 4.777593612670898]}