{"loss": [8.087656021118164, 4.702332973480225, 4.109395980834961, 3.8023948669433594, 3.6720430850982666], "val_loss": [5.630565166473389, 4.470308780670166, 3.916808605194092, 3.7926385402679443, 3.6392529010772705]}