{"loss": [9.389243125915527, 8.682562828063965, 6.351229667663574, 5.39924955368042, 4.952096462249756], "val_loss": [9.141802787780762, 7.775699615478516, 5.629045486450195, 5.302864074707031, 4.830624580383301]}