{"loss": [9.652886390686035, 8.362569808959961, 6.656716823577881, 5.705270767211914, 5.095213413238525], "val_loss": [9.395415306091309, 7.352938175201416, 6.107432842254639, 5.475274562835693, 4.850288391113281]}