{"loss": [7.738884449005127, 4.4868059158325195, 4.025441646575928, 3.8260557651519775, 3.732996940612793], "val_loss": [5.0020551681518555, 4.413772106170654, 3.91208815574646, 3.8361263275146484, 3.7970612049102783]}