{"loss": [9.434449195861816, 6.950652122497559, 5.466009616851807, 4.9414262771606445, 4.616774559020996], "val_loss": [8.747176170349121, 6.09190034866333, 5.108631610870361, 4.957459926605225, 4.4481520652771]}