{"loss": [9.128742218017578, 6.693241596221924, 5.08909797668457, 4.550111770629883, 4.268919944763184], "val_loss": [8.606575965881348, 5.557120323181152, 4.9200592041015625, 4.488237380981445, 4.091150283813477]}