{"loss": [9.363162994384766, 6.737531661987305, 4.816734313964844, 4.317205905914307, 4.067504405975342], "val_loss": [8.930124282836914, 5.425375938415527, 4.582983493804932, 4.155213832855225, 4.029860019683838]}