{"loss": [8.616878509521484, 5.2105207443237305, 4.342634677886963, 3.987968683242798, 3.8740060329437256], "val_loss": [6.464533805847168, 4.524830341339111, 4.236180305480957, 3.919825315475464, 3.8824338912963867]}