{"loss": [8.402674674987793, 5.029303073883057, 4.302459239959717, 3.963411808013916, 3.7520320415496826], "val_loss": [5.765774726867676, 4.3939008712768555, 4.033757209777832, 3.9424362182617188, 3.6395063400268555]}