{"loss": [9.326484680175781, 7.887642860412598, 5.9817070960998535, 5.062346458435059, 4.543384552001953], "val_loss": [8.800379753112793, 6.715366840362549, 5.474440574645996, 4.906064510345459, 4.3746657371521]}