{"loss": [9.286103248596191, 6.3391828536987305, 5.072866439819336, 4.565957546234131, 4.25987434387207], "val_loss": [8.351670265197754, 5.618568420410156, 4.862831115722656, 4.396401405334473, 4.090641498565674]}